<?xml version="1.0" encoding="UTF-8"?>
<project-private xmlns="http://www.netbeans.org/ns/project-private/1">
    <editor-bookmarks xmlns="http://www.netbeans.org/ns/editor-bookmarks/2" lastBookmarkId="0"/>
    <open-files xmlns="http://www.netbeans.org/ns/projectui-open-files/2">
        <group>
            <file>file:/C:/Users/juhaszs.20d/Documents/NetBeansProjects/Meres20250321/src/realestate/Main.java</file>
            <file>file:/C:/Users/juhaszs.20d/Documents/NetBeansProjects/Meres20250321/src/realestate/Ad.java</file>
            <file>file:/C:/Users/juhaszs.20d/Documents/NetBeansProjects/Meres20250321/src/realestate/Seller.java</file>
            <file>file:/C:/Users/juhaszs.20d/Documents/NetBeansProjects/Meres20250321/src/realestate/Category.java</file>
            <file>file:/C:/Users/juhaszs.20d/Documents/NetBeansProjects/Meres20250321/src/realestate/CSVLoader.java</file>
        </group>
    </open-files>
</project-private>
